,file name,data type,num of slices,slice_size,voxel volume,num_tumor_slices,tumor_slices
0,fdg_0011f3deaf_03-23-2003-NA-PET-CT Ganzkoerper  primaer mit KM-10445,fdg,326,"(400, 400)",0.012441020965576172,23,"[231 232 233 234 235 236 237 241 242 243 244 254 255 256 294 295 296 297
 298 299 300 301 302]"
1,fdg_01140d52d8_08-13-2005-NA-PET-CT Ganzkoerper  primaer mit KM-56839,fdg,305,"(400, 400)",0.012441020965576172,36,"[176 177 201 202 203 204 205 206 207 208 209 210 211 212 213 214 215 216
 217 218 219 220 221 222 223 224 225 226 227 228 229 230 231 232 233 234]"
2,fdg_0117d7f11f_09-13-2001-NA-PET-CT Ganzkoerper  primaer mit KM-68547,fdg,284,"(400, 400)",0.012441020965576172,60,"[127 128 129 130 131 132 133 134 135 136 137 138 139 140 141 142 143 144
 149 150 177 178 179 180 181 182 183 184 185 186 187 188 189 190 191 192
 193 194 195 196 197 198 199 200 201 202 203 204 205 206 207 208 230 231
 232 233 234 235 236 237]"
3,fdg_0143bab87a_07-17-2005-NA-PET-CT Ganzkoerper  primaer mit KM-33529,fdg,288,"(400, 400)",0.012441020965576172,0,[]
4,fdg_01682f60c3_03-11-2002-NA-PET-CT Ganzkoerper  primaer mit KM-03431,fdg,326,"(400, 400)",0.012441020965576172,64,"[ 26  27  28 142 143 144 145 146 147 148 149 150 151 152 153 154 206 207
 208 209 210 211 212 213 214 215 216 217 218 219 220 221 222 223 224 225
 226 227 228 229 230 231 232 233 234 235 237 238 239 240 242 243 244 245
 246 247 248 249 250 251 252 253 254 255]"
5,fdg_0168f65af8_04-04-2003-NA-PET-CT Ganzkoerper  primaer mit KM-82224,fdg,326,"(400, 400)",0.012441020965576172,36,"[ 46  47  48  49  50  51  52 196 197 198 214 215 216 217 218 219 220 221
 222 223 224 225 235 236 237 238 279 280 281 282 283 284 286 287 288 289]"
6,fdg_0223010e46_09-04-2003-NA-PET-CT Ganzkoerper  primaer mit KM-25360,fdg,619,"(400, 400)",0.012441020965576172,3,[150 154 155]
7,fdg_0225325b91_08-22-2005-NA-PET-CT Teilkoerper  primaer mit KM-72660,fdg,232,"(400, 400)",0.012441020965576172,0,[]
8,fdg_02ba7e20f5_10-12-2001-NA-PET-CT Ganzkoerper  primaer mit KM-27172,fdg,326,"(400, 400)",0.012441020965576172,28,"[ 65  66  67 103 104 115 116 117 172 173 174 175 176 177 210 211 212 213
 214 221 222 223 228 240 241 275 276 277]"
9,fdg_0410759456_08-22-2003-NA-PET-CT Ganzkoerper  primaer mit KM-20805,fdg,284,"(400, 400)",0.012441020965576172,0,[]
10,fdg_0410759456_11-07-2002-NA-PET-CT Ganzkoerper  primaer mit KM-75415,fdg,284,"(400, 400)",0.012441020965576172,0,[]
11,fdg_04606080a0_02-20-2003-NA-PET-CT Ganzkoerper  primaer mit KM-22538,fdg,284,"(400, 400)",0.012441020965576172,33,"[171 172 173 174 175 176 177 178 179 180 181 182 183 184 185 186 187 188
 189 190 191 193 194 195 196 197 198 199 200 201 202 203 204]"
12,fdg_048981112f_07-31-2005-NA-Unspecified CT ABDOMEN-50330,fdg,568,"(400, 400)",0.012441020965576172,0,[]
13,fdg_04a4e1c874_11-18-2001-NA-PET-CT Ganzkoerper  primaer mit KM-96019,fdg,284,"(400, 400)",0.012441020965576172,31,"[176 177 178 179 180 181 182 183 184 185 186 187 188 189 190 191 192 193
 194 195 196 197 198 199 200 201 255 256 257 258 259]"
14,fdg_04ab5c61c9_11-22-2002-NA-PET-CT Ganzkoerper  primaer mit KM-42241,fdg,284,"(400, 400)",0.012441020965576172,32,"[192 193 194 195 196 197 198 199 200 201 202 203 209 210 211 212 213 214
 215 216 217 218 219 220 221 222 223 224 225 226 227 228]"
15,fdg_05808cf24e_03-18-2006-NA-PET-CT Ganzkoerper  primaer mit KM-91344,fdg,324,"(400, 400)",0.012441020965576172,0,[]
16,fdg_05808cf24e_07-29-1999-NA-PET-CT Ganzkoerper nativ-42289,fdg,410,"(400, 400)",0.012441020965576172,110,"[ 16  17  18  19  20  21  22  23  24  25  26  27  28  29  30  31  32  33
  34  35  36  37  38  39  40  41  42  43  44  45  46  47  48  49  50  51
  52  53  54  55  56  57  58  59  60  61  62  63  64  65  66  67  68  69
  70  71  72  73  74  75  76  77  78  79  80  81  82  83  84  85  86  87
  88  89  90  91  92  93  94  95  96  97  98  99 100 101 102 112 113 114
 115 119 120 121 122 123 124 125 126 127 128 139 140 141 142 143 144 145
 146 147]"
17,fdg_05bed31780_11-24-2003-NA-PET-CT Ganzkoerper  primaer mit KM-09401,fdg,326,"(400, 400)",0.012441020965576172,0,[]
18,fdg_05d5a79faf_02-25-2005-NA-PET-CT Ganzkoerper  primaer mit KM-20586,fdg,326,"(400, 400)",0.012441020965576172,0,[]
19,fdg_05d8640f52_02-24-2005-NA-PET-CT Ganzkoerper nativ-80214,fdg,577,"(400, 400)",0.012441020965576172,0,[]
20,fdg_06a46414eb_03-12-2006-NA-PET-CT Ganzkoerper  primaer mit KM-38502,fdg,254,"(400, 400)",0.012441020965576172,9,[164 165 166 167 168 169 170 171 172]
21,fdg_06d55e8295_04-17-2003-NA-PET-CT Teilkoerper  primaer mit KM-01782,fdg,242,"(400, 400)",0.012441020965576172,0,[]
22,fdg_06e7c24059_04-22-2005-NA-PET-CT Ganzkoerper  primaer mit KM-97021,fdg,284,"(400, 400)",0.012441020965576172,108,"[ 18  19  20  21  22  23  24  42  43  44  51  52  53  54  55  56  57  58
  59  60  61  62  63  64  65  66  67  68  69  70  71  95  96  97  98  99
 100 101 102 103 104 105 107 108 109 110 111 112 118 119 120 121 122 123
 124 128 129 130 131 132 133 135 136 137 143 144 145 150 151 152 153 154
 155 156 157 158 159 160 161 162 163 164 165 166 167 168 169 170 171 172
 173 174 175 176 177 178 179 180 184 185 186 187 188 189 190 203 204 205]"
23,fdg_072833774e_07-23-2006-NA-PET-CT Teilkoerper  primaer mit KM-84430,fdg,243,"(400, 400)",0.012441020965576172,0,[]
24,fdg_07574bfa00_04-20-2003-NA-PET-CT Ganzkoerper  primaer mit KM-91235,fdg,284,"(400, 400)",0.012441020965576172,64,"[161 162 163 164 165 166 167 168 169 170 171 172 173 174 175 176 177 178
 179 180 181 182 183 184 185 186 187 188 189 190 191 192 193 194 195 196
 197 198 199 200 201 202 203 204 205 206 207 208 209 210 211 212 213 214
 215 216 217 218 219 220 221 222 223 224]"
25,fdg_07b7e9abfc_02-10-2003-NA-PET-CT Ganzkoerper nativ-08717,fdg,284,"(400, 400)",0.012441020965576172,0,[]
26,fdg_07fec0d985_05-04-2006-NA-PET-CT Ganzkoerper  primaer mit KM-11312,fdg,588,"(400, 400)",0.012441020965576172,0,[]
27,fdg_080922db5a_01-28-2006-NA-PET-CT Teilkoerper  primaer mit KM-83609,fdg,259,"(400, 400)",0.012441020965576172,0,[]
28,fdg_08198c4f0c_11-10-2005-NA-PET-CT Ganzkoerper  primaer mit KM-57428,fdg,309,"(400, 400)",0.012441020965576172,0,[]
29,fdg_08cdb15e0b_11-21-2003-NA-PET-CT Ganzkoerper  primaer mit KM-47234,fdg,326,"(400, 400)",0.012441020965576172,56,"[ 51  52  53  54  55  56  81  82  83  84  85  86  87  88  90  91  92  93
  94  95  96  99 100 101 102 103 116 117 118 119 120 121 122 123 124 125
 126 127 222 223 224 225 226 227 228 229 230 231 232 233 234 235 236 237
 238 239]"
30,fdg_098c4b7b87_08-31-2003-NA-PET-CT Ganzkoerper nativ-71743,fdg,326,"(400, 400)",0.012441020965576172,0,[]
31,fdg_099b3fd402_01-03-2003-NA-PET-CT Ganzkoerper nativ-84728,fdg,284,"(400, 400)",0.012441020965576172,14,[234 235 236 237 238 239 240 241 242 243 244 245 246 247]
32,fdg_09ee00bdc6_09-30-2005-NA-PET-CT Ganzkoerper  primaer mit KM-22800,fdg,593,"(400, 400)",0.012441020965576172,33,"[332 333 334 423 424 425 426 427 428 429 430 431 432 433 434 435 436 437
 438 439 440 441 442 443 444 445 446 447 448 449 450 451 452]"
33,fdg_0af7ffe12a_08-12-2005-NA-PET-CT Ganzkoerper  primaer mit KM-96698,fdg,304,"(400, 400)",0.012441020965576172,0,[]
34,fdg_0b57b247b6_05-02-2002-NA-PET-CT Ganzkoerper  primaer mit KM-42966,fdg,326,"(400, 400)",0.012441020965576172,47,"[209 210 211 212 213 214 215 216 217 218 219 220 221 222 223 224 225 226
 227 228 229 230 231 232 233 234 235 236 237 238 245 246 247 248 249 250
 251 252 253 254 255 256 257 258 259 262 263]"
35,fdg_0b98dbe00d_08-11-2002-NA-PET-CT Ganzkoerper  primaer mit KM-83616,fdg,326,"(400, 400)",0.012441020965576172,128,"[ 36  37  38  39  40  46  47  48  49  50  51  52  53  54  55  56  57  58
  59  60  61  62  63  64  65  66  67  68  69  70  73  74  75  76  90  91
  92 136 137 138 139 140 141 142 143 148 149 151 152 153 154 155 156 157
 158 159 160 161 162 163 164 165 166 167 168 169 170 171 172 173 174 175
 176 177 178 179 180 189 190 191 192 204 205 206 207 208 209 210 211 212
 213 214 215 216 217 218 219 220 221 222 223 224 225 226 227 228 229 230
 231 232 233 234 235 236 237 238 239 240 241 242 243 244 245 248 249 250
 251 252]"
36,fdg_0beb67c923_07-25-1999-NA-PET-CT Ganzkoerper  primaer mit KM-37911,fdg,326,"(400, 400)",0.012441020965576172,53,"[217 218 219 220 221 222 223 224 225 226 227 228 229 230 231 232 233 234
 235 236 237 238 239 240 241 242 243 244 245 246 247 248 249 250 251 252
 253 254 255 256 257 258 259 260 261 262 263 264 265 266 267 268 269]"
37,fdg_0c13e4df10_10-11-2003-NA-PET-CT Ganzkoerper  primaer mit KM-89759,fdg,326,"(400, 400)",0.012441020965576172,0,[]
38,fdg_0cda25453b_10-12-2003-NA-PET-CT Ganzkoerper  primaer mit KM-47333,fdg,326,"(400, 400)",0.012441020965576172,206,"[  1   2  18  19  20  24  25  26  27  28  29  30  32  33  34  35  36  38
  43  44  55  56  57  58  59  60  61  62  63  64  65  66  67  68  69  70
  71  72  73  74  75  76  77  78  79  80  81  82  83  84  85  86  87  88
  89  90  91  92  93  94  95  96  97  98  99 100 101 102 103 104 105 109
 110 111 112 113 114 148 150 151 152 153 154 161 164 165 166 171 172 173
 174 175 176 177 178 179 180 185 186 187 188 189 190 193 194 195 196 197
 198 199 200 201 202 203 204 205 206 210 211 212 213 214 218 219 220 221
 222 223 224 225 226 227 228 229 230 231 232 233 234 235 236 237 238 239
 240 241 242 243 244 245 246 247 248 249 250 251 252 253 254 255 256 257
 258 259 260 261 262 263 264 265 266 267 268 269 270 272 273 274 275 276
 277 278 279 280 281 282 283 284 285 286 287 288 289 290 291 292 293 294
 295 296 297 298 299 300 301 302]"
39,fdg_0dbf2c2731_10-27-2005-NA-PET-CT Ganzkoerper  primaer mit KM-07954,fdg,308,"(400, 400)",0.012441020965576172,0,[]
40,fdg_0e2034240b_01-31-2003-NA-PET-CT Ganzkoerper  primaer mit KM-08517,fdg,284,"(400, 400)",0.012441020965576172,40,"[144 145 146 147 148 149 155 156 157 158 159 160 161 162 163 164 165 166
 167 168 169 170 171 172 173 174 175 176 177 178 179 180 181 182 183 184
 185 186 187 188]"
41,fdg_0e9a98ecda_02-20-2003-NA-PET-CT Ganzkoerper  primaer mit KM-36915,fdg,326,"(400, 400)",0.012441020965576172,0,[]
42,fdg_0ea07b421b_10-27-2001-NA-PET-CT Ganzkoerper  primaer mit KM-81811,fdg,326,"(400, 400)",0.012441020965576172,112,"[ 33  34  35  36  37  55  56  57  58  59  60  61  62  69  70  71  72  73
  74  75  76  77  78  79  80  81  82 178 179 180 181 182 183 184 185 186
 187 188 189 190 191 192 193 194 195 196 197 198 200 201 202 203 204 205
 206 207 208 209 210 211 212 213 214 215 216 217 218 219 220 221 222 223
 224 225 226 227 228 229 230 231 232 233 234 235 236 237 238 239 240 241
 242 243 244 245 246 247 248 249 250 251 252 253 254 255 256 257 258 259
 260 261 262 263]"
43,fdg_0f44cec2e6_09-07-2003-NA-PET-CT Ganzkoerper  primaer mit KM-99224,fdg,409,"(400, 400)",0.012441020965576172,9,[311 312 313 314 315 316 317 318 319]
44,fdg_0f4ee9e078_02-10-2005-NA-PET-CT Ganzkoerper  primaer mit KM-08757,fdg,284,"(400, 400)",0.012441020965576172,10,[162 163 164 165 166 167 168 171 172 173]
45,fdg_0fa313309d_04-23-2005-NA-Unspecified CT-29055,fdg,284,"(400, 400)",0.012441020965576172,12,[113 114 115 116 117 118 119 204 205 206 207 208]
46,fdg_0fa313309d_10-03-2005-NA-PET-CT Ganzkoerper  primaer mit KM-74496,fdg,288,"(400, 400)",0.012441020965576172,0,[]
47,fdg_1019ae8551_04-06-2007-NA-PET-CT Ganzkoerper  primaer mit KM-62131,fdg,338,"(400, 400)",0.012441020965576172,8,[206 207 208 209 210 220 221 222]
48,fdg_108c1763d4_09-30-2004-NA-PET-CT Ganzkoerper  primaer mit KM-86848,fdg,284,"(400, 400)",0.012441020965576172,14,[ 95  96  97  98  99 100 101 102 103 104 105 106 107 108]
49,fdg_119165872d_02-12-2005-NA-PET-CT Ganzkoerper  primaer mit KM-05102,fdg,284,"(400, 400)",0.012441020965576172,35,"[ 27  28  29  30  58  59  60  61  62  63  64  65  66  67  93  94  95  96
  97  98  99 100 101 102 109 110 111 112 113 254 255 256 257 258 259]"
50,fdg_11afab3485_05-25-2003-NA-PET-CT Ganzkoerper  primaer mit KM-50146,fdg,284,"(400, 400)",0.012441020965576172,9,[228 229 230 232 233 253 254 255 256]
51,fdg_11e258cc1f_03-06-2003-NA-PET-CT Ganzkoerper  primaer mit KM-87979,fdg,284,"(400, 400)",0.012441020965576172,56,"[174 175 176 177 178 179 180 181 182 183 184 185 186 187 188 189 190 191
 192 193 194 195 196 197 198 199 200 201 202 203 204 205 206 207 208 209
 210 211 212 213 214 215 216 217 218 219 220 221 222 223 224 225 226 227
 228 229]"
52,fdg_12025abab5_11-01-2004-NA-PET-CT Ganzkoerper  primaer mit KM-18831,fdg,326,"(400, 400)",0.012441020965576172,17,[223 224 225 226 227 228 229 230 231 232 233 234 235 236 273 274 275]
53,fdg_1253499c80_10-07-2005-NA-PET-CT Ganzkoerper  primaer mit KM-50242,fdg,653,"(400, 400)",0.012441020965576172,33,"[330 331 332 333 334 335 336 337 368 369 370 371 372 373 374 375 376 386
 387 388 389 390 391 392 393 394 395 396 397 398 399 400 401]"
54,fdg_1285b86bea_02-24-2006-NA-PET-CT Ganzkoerper  primaer mit KM-49419,fdg,300,"(400, 400)",0.012441020965576172,284,"[  0   1   2   3   4   5   6   7   8   9  10  11  12  13  14  15  16  17
  18  19  20  21  22  23  24  25  26  27  28  29  30  31  32  33  34  35
  36  37  38  39  40  41  42  43  44  45  46  47  48  49  50  51  52  53
  54  55  56  57  58  59  60  61  62  63  64  65  66  67  68  69  70  71
  72  73  74  75  76  77  78  79  80  81  82  83  84  85  86  87  88  89
  90  91  92  93  94  95  96  97  98  99 100 101 102 103 104 105 106 107
 108 109 110 111 112 113 114 115 116 117 118 119 120 121 122 123 124 125
 126 127 128 129 130 131 132 133 134 135 136 137 138 139 140 141 142 143
 144 145 146 147 148 149 150 151 152 153 154 155 156 157 158 159 160 161
 162 163 164 165 166 167 168 169 170 171 172 173 174 175 176 177 178 179
 180 181 182 183 184 185 186 187 188 189 190 191 192 193 194 195 196 197
 198 199 200 201 202 203 204 205 206 207 208 209 210 211 212 213 214 215
 216 217 218 219 220 221 222 223 224 225 226 227 228 229 230 231 232 233
 234 235 236 237 238 239 240 241 242 243 244 245 246 247 248 249 250 251
 252 253 254 255 256 257 258 259 260 261 262 263 264 265 266 267 268 269
 270 271 272 273 274 275 276 277 278 279 289 290 293 294]"
55,fdg_1291700093_07-13-2003-NA-PET-CT Ganzkoerper  primaer mit KM-76048,fdg,368,"(400, 400)",0.012441020965576172,26,"[160 161 192 193 194 195 196 197 198 199 200 201 202 203 204 205 206 207
 208 284 285 286 297 298 299 300]"
56,fdg_13b40a817b_02-18-2001-NA-PET-CT Ganzkoerper  primaer mit KM-46202,fdg,326,"(400, 400)",0.012441020965576172,245,"[ 26  27  28  29  30  31  32  33  34  35  36  37  38  39  40  41  42  43
  44  45  46  47  48  49  50  51  52  53  54  55  56  57  58  59  60  61
  62  63  64  65  66  67  68  69  70  71  72  73  74  75  76  77  78  79
  80  81  82  83  84  85  86  87  88  89  90  91  92  93  94  95  96  97
  98  99 100 101 102 103 104 105 106 107 108 109 110 111 112 113 114 115
 116 117 118 119 120 121 122 123 124 125 126 127 128 129 130 131 132 133
 134 135 136 137 138 139 140 141 142 143 144 145 146 147 148 149 150 151
 152 153 154 155 156 157 158 159 160 161 162 163 164 165 166 167 168 169
 170 171 172 173 174 175 176 177 178 179 180 181 182 183 184 185 186 187
 188 189 190 191 192 193 194 195 196 197 198 199 200 201 202 203 204 205
 206 207 208 209 210 211 212 213 214 215 216 217 218 219 220 221 222 223
 224 225 226 227 228 229 230 231 232 233 234 235 236 237 238 246 247 248
 249 250 251 252 253 254 255 257 258 259 260 261 262 267 268 269 270 271
 279 280 281 282 283 284 309 310 311 312 313]"
57,fdg_13d0984c93_09-08-2003-NA-PET-CT Ganzkoerper  primaer mit KM-48750,fdg,284,"(400, 400)",0.012441020965576172,34,"[170 171 172 173 174 175 176 177 178 179 180 181 182 183 184 185 186 187
 188 189 190 191 192 193 194 195 196 197 198 199 200 201 202 203]"
58,fdg_13f476b02b_11-19-2001-NA-PET-CT Ganzkoerper  primaer mit KM-03903,fdg,535,"(400, 400)",0.012441020965576172,30,"[418 419 420 421 422 423 424 425 426 427 428 429 430 431 432 433 434 435
 436 437 438 439 440 441 442 470 471 472 473 474]"
59,fdg_141fffa2a9_03-01-2003-NA-PET-CT Ganzkoerper nativ-74292,fdg,661,"(400, 400)",0.012441020965576172,0,[]
60,fdg_1472967bef_12-21-2002-NA-PET-CT Ganzkoerper  primaer mit KM-48645,fdg,326,"(400, 400)",0.012441020965576172,97,"[ 47  48  49  50  51  52 125 126 127 128 129 130 131 132 133 134 135 136
 137 138 139 140 141 142 143 144 147 148 149 150 151 180 181 182 183 184
 185 186 187 188 189 190 191 192 193 194 195 196 197 198 199 200 201 202
 203 204 205 206 207 208 209 210 211 212 213 214 215 216 217 218 219 220
 221 222 223 224 225 226 227 228 229 230 231 232 233 234 235 236 237 238
 239 240 241 242 243 244 245]"
61,fdg_147a9fcff3_08-16-2001-NA-PET-CT Ganzkoerper  primaer mit KM-80653,fdg,326,"(400, 400)",0.012441020965576172,44,"[180 181 182 183 184 185 186 187 188 189 190 191 192 193 194 195 196 197
 198 199 200 201 202 203 204 205 206 207 208 209 210 211 212 213 214 215
 216 217 219 220 221 222 312 313]"
62,fdg_14929994cf_04-30-2005-NA-PET-CT Ganzkoerper  primaer mit KM-47251,fdg,284,"(400, 400)",0.012441020965576172,0,[]
63,fdg_14c4d2c208_09-22-2002-NA-PET-CT Ganzkoerper  primaer mit KM-60478,fdg,326,"(400, 400)",0.012441020965576172,26,"[ 66  67  68  69  70  71  72 194 195 196 197 198 199 200 201 202 203 204
 205 206 207 208 298 299 300 301]"
64,fdg_14f931f634_06-09-2005-NA-PET-CT Ganzkoerper  primaer mit KM-87681,fdg,588,"(400, 400)",0.012441020965576172,49,"[151 152 153 154 159 160 161 197 198 211 212 213 214 215 218 219 220 221
 222 223 224 225 226 227 228 232 233 278 279 280 281 282 283 294 295 296
 313 314 315 316 317 318 499 500 501 502 503 504 505]"
65,fdg_154e94256c_11-25-2000-NA-PET-CT Ganzkoerper  primaer mit KM-83128,fdg,326,"(400, 400)",0.012441020965576172,40,"[ 59  60  61  62  63 119 120 121 122 148 149 150 151 188 189 190 191 192
 193 194 195 196 197 198 199 200 201 202 203 204 205 206 207 208 209 210
 213 214 215 216]"
66,fdg_1553bd8c8f_06-14-2007-NA-PET-CT Ganzkoerper  primaer mit KM-72421,fdg,315,"(400, 400)",0.012441020965576172,0,[]
67,fdg_15a205ffcc_08-19-2005-NA-PET-CT Ganzkoerper  primaer mit KM-93089,fdg,327,"(400, 400)",0.012441020965576172,177,"[  5   6   7   8   9  15  16  17  18  19  20  21  22  23  24  25  26  37
  38  39  49  50  51  52  53  54  69  70  71  72  73  74  75  76  77  78
  79  80  81  82  83  86  87  88  89  90  91  92  93  94  95  96  97  98
  99 100 101 102 103 104 105 106 107 108 109 110 111 112 113 114 115 116
 117 118 119 120 121 122 123 124 125 126 127 128 129 130 131 132 133 134
 135 136 137 138 139 140 141 142 143 144 145 146 147 148 149 150 151 152
 153 154 155 156 157 158 159 160 161 167 168 170 171 172 173 174 175 179
 180 181 182 184 185 186 187 188 201 202 203 204 207 208 209 210 211 212
 213 214 215 218 223 224 225 226 227 228 229 230 231 232 233 236 237 238
 239 240 241 242 243 244 245 246 247 263 264 274 275 276 277]"
68,fdg_15cfa01130_02-24-2001-NA-PET-CT Ganzkoerper  primaer mit KM-49873,fdg,284,"(400, 400)",0.012441020965576172,92,"[ 31  32  33  34  35 137 138 139 140 141 142 143 144 145 146 147 148 149
 150 151 152 153 154 155 156 157 158 159 160 161 162 163 164 165 166 167
 168 169 170 171 172 173 174 175 176 177 178 179 180 181 182 183 184 185
 186 187 188 189 190 191 192 193 194 195 196 197 198 199 200 201 202 203
 204 205 206 207 208 209 210 211 212 213 214 215 216 217 218 219 220 221
 222 223]"
69,fdg_15f4b7254f_07-18-2003-NA-PET-CT Ganzkoerper  primaer mit KM-44296,fdg,284,"(400, 400)",0.012441020965576172,52,"[176 177 178 179 180 181 182 183 184 185 186 187 188 189 190 191 192 193
 194 195 196 197 198 199 200 201 202 203 204 205 206 207 208 209 210 211
 212 213 214 215 216 218 219 220 221 222 223 224 225 226 227 228]"
70,fdg_15f4b7254f_10-11-2003-NA-PET-CT Ganzkoerper  primaer mit KM-99526,fdg,284,"(400, 400)",0.012441020965576172,3,[216 217 218]
71,fdg_16cdbc8689_07-15-2005-NA-PET-CT Ganzkoerper  primaer mit KM-33251,fdg,285,"(400, 400)",0.012441020965576172,77,"[127 128 129 130 131 132 133 134 135 136 137 138 139 140 141 142 143 144
 145 146 147 148 149 150 151 152 153 154 155 156 157 158 159 160 161 162
 163 164 165 166 167 168 169 170 171 172 173 174 175 176 177 178 179 180
 181 182 183 184 185 186 187 188 189 190 191 192 193 194 195 196 197 198
 199 200 201 202 203]"
72,fdg_173b804eda_10-11-2004-NA-PET-CT Ganzkoerper nativ-64205,fdg,577,"(400, 400)",0.012441020965576172,0,[]
73,fdg_176bdc5388_06-22-2006-NA-PET-CT Ganzkoerper  primaer mit KM-71560,fdg,274,"(400, 400)",0.012441020965576172,0,[]
74,fdg_1774857f8e_11-23-2006-NA-PET-CT Ganzkoerper  primaer mit KM-33663,fdg,307,"(400, 400)",0.012441020965576172,0,[]
75,fdg_1781ba966c_08-08-2002-NA-PET-CT Ganzkoerper  primaer mit KM-99061,fdg,284,"(400, 400)",0.012441020965576172,0,[]
76,fdg_17b46d7275_11-13-2003-NA-PET-CT Teilkoerper  primaer mit KM-01963,fdg,242,"(400, 400)",0.012441020965576172,0,[]
77,fdg_17d334cb6c_08-28-2000-NA-Unspecified CT ABDOMEN-62383,fdg,326,"(400, 400)",0.012441020965576172,27,"[198 199 200 201 202 203 204 205 206 207 208 209 210 211 212 213 214 215
 216 217 218 219 220 221 222 223 224]"
78,fdg_182bdeba22_05-10-2007-NA-PET-CT Ganzkoerper  primaer mit KM-88669,fdg,309,"(400, 400)",0.012441020965576172,0,[]
79,fdg_185bac7954_01-22-2005-NA-PET-CT Ganzkoerper  primaer mit KM-96761,fdg,326,"(400, 400)",0.012441020965576172,0,[]
80,fdg_185da4c8b6_04-18-2003-NA-PET-CT Ganzkoerper  primaer mit KM-06919,fdg,326,"(400, 400)",0.012441020965576172,30,"[229 230 231 232 233 234 235 243 244 245 246 247 248 249 250 251 252 253
 254 255 256 257 258 259 260 261 262 263 265 266]"
81,fdg_18e8b02af3_08-14-2005-NA-PET-CT Ganzkoerper nativ-69934,fdg,327,"(400, 400)",0.012441020965576172,9,[229 230 231 232 233 234 235 236 237]
82,fdg_1928952a0f_06-20-2003-NA-PET-CT Ganzkoerper  primaer mit KM-40834,fdg,619,"(400, 400)",0.012441020965576172,0,[]
83,fdg_193dea6ac7_04-10-2003-NA-PET-CT Teilkoerper nativ-95894,fdg,242,"(400, 400)",0.012441020965576172,0,[]
84,fdg_1956667fce_02-10-2006-NA-PET-CT Ganzkoerper  primaer mit KM-90464,fdg,282,"(400, 400)",0.012441020965576172,0,[]
85,fdg_1956667fce_07-28-2005-NA-PET-CT Ganzkoerper  primaer mit KM-69901,fdg,297,"(400, 400)",0.012441020965576172,167,"[ 52  53  54  56  57  58  59  60  61  62  63  64  65  66  67  68  69  70
  71  72  73  74  75  76  77  78  79  80  81  82  83  84  85  86  87  88
  89  90  91  92  93  94  95  96  97  98  99 100 101 102 103 104 105 106
 107 108 109 110 111 112 113 114 115 116 117 118 119 120 121 122 123 124
 125 126 127 128 129 130 131 132 133 134 135 136 137 138 139 140 141 142
 143 144 145 146 147 148 149 150 151 152 153 154 155 156 157 158 159 160
 161 169 170 171 173 174 175 176 177 178 179 180 181 182 188 189 190 191
 192 193 194 195 196 197 198 199 200 201 202 203 204 205 206 207 208 209
 210 211 212 213 214 222 223 224 225 226 227 228 229 230 231 232 233 234
 235 236 237 238 239]"
86,fdg_19838cb8e5_07-29-2002-NA-PET-CT Ganzkoerper  primaer mit KM-25383,fdg,326,"(400, 400)",0.012441020965576172,33,"[192 193 194 195 196 197 198 199 200 201 202 203 204 205 206 207 208 209
 210 211 212 213 214 215 216 217 218 219 294 295 296 297 298]"
87,fdg_19b68a666b_04-14-2005-NA-PET-CT Ganzkoerper  primaer mit KM-01313,fdg,326,"(400, 400)",0.012441020965576172,89,"[147 148 149 159 160 161 162 163 164 165 166 167 168 169 170 171 172 173
 174 175 176 177 178 179 180 181 182 183 184 185 186 187 188 203 204 205
 206 207 208 209 210 211 212 213 214 215 216 217 218 219 220 221 222 223
 224 225 226 227 228 229 230 237 238 239 240 241 242 243 244 245 246 247
 248 249 250 251 252 253 254 255 256 257 258 259 260 261 262 263 264]"
88,fdg_1a1712f7d0_02-14-2005-NA-PET-CT Ganzkoerper  primaer mit KM-78148,fdg,326,"(400, 400)",0.012441020965576172,12,[141 142 143 186 187 188 189 190 191 192 193 194]
89,fdg_1a1712f7d0_02-16-2007-NA-PET-CT Ganzkoerper  primaer mit KM-50630,fdg,315,"(400, 400)",0.012441020965576172,8,[127 128 129 130 131 132 133 134]
90,fdg_1a1712f7d0_07-05-2001-NA-PET-CT Ganzkoerper  primaer mit KM-51804,fdg,326,"(400, 400)",0.012441020965576172,28,"[123 124 125 126 128 129 130 131 151 152 153 154 155 156 157 158 159 160
 161 162 163 164 165 166 167 168 169 170]"
91,fdg_1a3d4e63ee_07-03-2004-NA-PET-CT Ganzkoerper  primaer mit KM-34298,fdg,326,"(400, 400)",0.012441020965576172,0,[]
92,fdg_1a8bd52f71_05-05-2006-NA-PET-CT Ganzkoerper  primaer mit KM-99815,fdg,282,"(400, 400)",0.012441020965576172,0,[]
93,fdg_1a90052cb2_06-22-2001-NA-PET-CT Ganzkoerper  primaer mit KM-47169,fdg,368,"(400, 400)",0.012441020965576172,8,[274 275 276 277 278 279 280 281]
94,fdg_1a90052cb2_09-06-2003-NA-PET-CT Ganzkoerper  primaer mit KM-80674,fdg,326,"(400, 400)",0.012441020965576172,0,[]
95,fdg_1ac497ed9d_10-28-2004-NA-PET-CT Ganzkoerper  primaer mit KM-22078,fdg,284,"(400, 400)",0.012441020965576172,0,[]
96,fdg_1b199d094d_03-16-2002-NA-PET-CT Ganzkoerper  primaer mit KM-32644,fdg,368,"(400, 400)",0.012441020965576172,5,[179 180 181 182 183]
97,fdg_1b1bdfc35b_10-29-2000-NA-PET-CT Ganzkoerper  primaer mit KM-59300,fdg,326,"(400, 400)",0.012441020965576172,106,"[ 42  43  44  45  46  47  48  52  53  54  55  56  57  58  59  60  61  62
  63  64  65  66  67  68  69  70  71  72  73  74  75  76  77  78  79  80
  81 213 214 215 216 217 218 219 220 221 222 223 224 225 226 227 228 229
 230 231 233 234 235 236 237 238 244 245 246 247 248 249 250 251 252 253
 254 255 256 257 258 259 260 261 262 263 264 265 266 267 268 269 270 271
 272 273 274 275 276 277 278 279 280 281 282 283 287 288 289 290]"
98,fdg_1bb48bfb40_12-02-2000-NA-PET-CT Ganzkoerper  primaer mit KM-90244,fdg,326,"(400, 400)",0.012441020965576172,99,"[ 60  61  62  63  64  65  66  99 101 102 103 104 105 106 107 108 145 146
 147 148 149 150 151 152 153 154 155 156 157 158 159 160 161 162 163 164
 165 166 167 179 180 181 182 183 184 185 186 187 188 189 190 191 192 193
 194 195 196 197 198 199 200 201 202 203 204 205 206 207 208 209 210 211
 212 213 214 215 216 217 218 219 220 221 222 223 224 225 226 227 228 229
 230 231 232 233 234 235 239 240 241]"
99,fdg_1bdefef7d5_01-14-2006-NA-PET-CT Ganzkoerper  primaer mit KM-32502,fdg,326,"(400, 400)",0.012441020965576172,0,[]
100,fdg_1cb2d26a19_06-04-2007-NA-PET-CT Ganzkoerper  primaer mit KM-70937,fdg,330,"(400, 400)",0.012441020965576172,0,[]
101,fdg_1e43e3d692_09-19-2002-NA-PET-CT Ganzkoerper  primaer mit KM-73301,fdg,577,"(400, 400)",0.012441020965576172,0,[]
102,fdg_1f2a4f4280_06-12-2005-NA-PET-CT Ganzkoerper  primaer mit KM-46988,fdg,297,"(400, 400)",0.012441020965576172,0,[]
103,fdg_1f2a4f4280_12-20-2002-NA-PET-CT Ganzkoerper  primaer mit KM-44694,fdg,326,"(400, 400)",0.012441020965576172,0,[]
104,fdg_1f65acff65_05-06-2007-NA-PET-CT Ganzkoerper nativ u. mit KM-95034,fdg,661,"(400, 400)",0.012441020965576172,3,[235 236 237]
105,fdg_1f6b6b0548_10-16-2003-NA-PET-CT Ganzkoerper  primaer mit KM-05707,fdg,326,"(400, 400)",0.012441020965576172,4,[313 314 315 316]
106,fdg_1fa22c576e_10-17-2004-NA-PET-CT Ganzkoerper  primaer mit KM-16838,fdg,326,"(400, 400)",0.012441020965576172,0,[]
107,fdg_1fc35d02da_08-09-2003-NA-PET-CT Ganzkoerper  primaer mit KM-36800,fdg,326,"(400, 400)",0.012441020965576172,17,[156 157 158 159 160 161 162 163 164 165 166 167 168 169 170 171 172]
108,fdg_1fcfa34d10_09-19-2003-NA-PET-CT Ganzkoerper  primaer mit KM-71511,fdg,368,"(400, 400)",0.012441020965576172,22,"[240 241 242 243 244 245 246 247 248 249 250 251 252 253 254 255 256 257
 258 259 260 261]"
109,fdg_1fe6e48293_06-26-2003-NA-PET-CT Ganzkoerper  primaer mit KM-45853,fdg,326,"(400, 400)",0.012441020965576172,116,"[ 72  73  74  75  76  77  78  79  80  81  82  83  86  87  88  89  90  91
  92  93  94  95  96  97  98  99 100 101 102 103 104 105 106 107 108 109
 110 111 112 113 114 115 116 117 118 119 120 121 122 123 124 125 126 127
 128 129 130 131 132 133 134 155 156 157 158 182 183 184 185 186 187 188
 189 190 191 192 193 194 195 196 214 215 216 217 218 219 220 221 222 223
 224 225 226 227 228 231 232 233 234 235 236 271 272 273 274 275 276 277
 278 279 280 281 282 283 284 285]"
110,fdg_20995a0fe1_12-02-2005-NA-PET-CT Ganzkoerper nativ-92555,fdg,345,"(400, 400)",0.012441020965576172,9,[57 58 59 60 61 62 63 64 65]
111,fdg_20a607649d_01-27-2007-NA-PET-CT Ganzkoerper  primaer mit KM-84908,fdg,584,"(400, 400)",0.012441020965576172,51,"[ 42  43  44  45  46  47  48  49  50  51  52  53  54  55  56  57  58  59
  60  61  62  63  64  65  66  67  68  69  70  71  72  73  74  75  76  77
  78  79  80  81  82 444 445 446 495 496 497 498 499 500 501]"
112,fdg_20f4a3aa02_03-17-2005-NA-PET-CT Ganzkoerper  primaer mit KM-72010,fdg,284,"(400, 400)",0.012441020965576172,0,[]
113,fdg_2122b88719_09-09-2006-NA-Unspecified CT-98490,fdg,272,"(400, 400)",0.012441020965576172,0,[]
114,fdg_2140db0ca5_04-13-2007-NA-PET-CT Ganzkoerper  primaer mit KM-11314,fdg,342,"(400, 400)",0.012441020965576172,99,"[ 90  91  92  93  94  95  96  97  98  99 100 101 102 103 104 105 106 107
 108 109 110 111 112 113 114 115 116 117 118 119 120 121 122 123 124 125
 126 127 128 129 130 131 132 133 134 135 136 137 138 139 140 141 142 144
 145 146 147 148 149 150 151 152 153 154 155 156 157 158 159 160 161 162
 163 164 165 166 167 168 169 170 171 172 173 174 175 176 177 178 179 180
 181 182 183 184 185 186 214 215 216]"
115,fdg_21853fc15b_10-12-2002-NA-PET-CT Ganzkoerper  primaer mit KM-55807,fdg,326,"(400, 400)",0.012441020965576172,15,[209 210 211 212 213 214 215 216 217 218 219 220 221 222 234]
116,fdg_21e4ffcb52_05-06-2002-NA-PET-CT Ganzkoerper  primaer mit KM-72081,fdg,284,"(400, 400)",0.012441020965576172,65,"[159 160 161 162 163 164 165 166 167 168 169 170 171 172 173 174 175 176
 177 178 179 180 181 182 183 184 185 186 187 188 189 190 191 192 193 194
 195 196 197 198 199 200 201 202 203 204 205 206 207 208 209 210 211 212
 213 214 215 216 217 218 219 220 221 222 223]"
117,fdg_2202a936e0_05-31-2002-NA-PET-CT Ganzkoerper  primaer mit KM-73351,fdg,284,"(400, 400)",0.012441020965576172,58,"[ 85  86  87  88  89  90  91  92  93  94 164 165 166 167 175 176 177 178
 179 180 181 182 183 184 185 186 187 188 189 190 191 192 193 194 195 196
 197 198 199 200 201 202 203 204 205 206 207 208 209 210 216 217 218 219
 220 221 222 223]"
118,fdg_223f70f0b0_11-29-2003-NA-PET-CT Ganzkoerper  primaer mit KM-10527,fdg,284,"(400, 400)",0.012441020965576172,14,[61 62 63 64 65 66 67 68 69 70 71 72 73 74]
119,fdg_22d07bdc49_01-05-2003-NA-PET-CT Ganzkoerper  primaer mit KM-77260,fdg,284,"(400, 400)",0.012441020965576172,18,[36 37 38 39 40 44 45 46 47 48 54 55 56 62 63 64 65 66]
120,fdg_234f8427c0_12-03-2005-NA-PET-CT Ganzkoerper  primaer mit KM-49172,fdg,324,"(400, 400)",0.012441020965576172,0,[]
121,fdg_234f8427c0_12-09-2004-NA-PET-CT Ganzkoerper  primaer mit KM-25891,fdg,284,"(400, 400)",0.012441020965576172,0,[]
122,fdg_23ed525e82_08-01-2003-NA-PET-CT Ganzkoerper  primaer mit KM-24219,fdg,577,"(400, 400)",0.012441020965576172,7,[265 266 277 278 279 285 286]
123,fdg_2428b44e92_03-22-2007-NA-PET-CT Ganzkoerper  primaer mit KM-30857,fdg,622,"(400, 400)",0.012441020965576172,0,[]
124,fdg_245182006a_11-04-2000-NA-PET-CT Ganzkoerper  primaer mit KM-02942,fdg,284,"(400, 400)",0.012441020965576172,5,[201 202 203 204 205]
125,fdg_249c02c01c_03-06-2003-NA-PET-CT Ganzkoerper  primaer mit KM-65884,fdg,326,"(400, 400)",0.012441020965576172,86,"[127 128 129 154 155 156 157 158 159 160 161 162 163 164 165 166 167 168
 169 170 171 172 173 174 175 176 177 178 183 184 185 186 187 188 189 190
 191 192 193 194 195 196 197 198 199 200 201 202 203 204 205 206 207 208
 209 210 211 212 213 214 215 216 217 218 219 220 221 222 223 224 225 226
 227 228 229 232 233 234 235 236 237 238 239 240 241 242]"
126,fdg_249c02c01c_07-26-2003-NA-PET-CT Ganzkoerper  primaer mit KM-83154,fdg,284,"(400, 400)",0.012441020965576172,0,[]
127,fdg_249dd35d0c_05-20-2005-NA-PET-CT Ganzkoerper  primaer mit KM-75049,fdg,316,"(400, 400)",0.012441020965576172,41,"[145 146 147 148 149 232 233 234 235 236 237 238 239 240 241 242 243 244
 245 246 247 248 249 250 251 252 253 254 255 256 257 258 259 260 261 262
 263 264 265 266 267]"
128,fdg_24cb79a92b_04-13-2003-NA-PET-CT Ganzkoerper nativ-59029,fdg,451,"(400, 400)",0.012441020965576172,0,[]
129,fdg_25707f94a2_07-03-2003-NA-PET-CT Ganzkoerper  primaer mit KM-46163,fdg,326,"(400, 400)",0.012441020965576172,100,"[ 41  42  43  44  45  46  47  48  52  53  54  55 118 119 120 121 122 123
 124 125 126 127 128 129 130 131 132 133 137 138 139 140 141 142 143 144
 145 146 147 148 149 150 151 152 153 176 177 178 179 193 194 195 196 197
 198 199 200 201 202 203 204 205 206 207 208 209 210 211 212 213 214 215
 216 217 218 219 220 221 222 223 224 225 226 227 228 229 230 231 232 233
 234 235 236 237 238 239 240 241 242 243]"
130,fdg_265c26907a_11-10-2005-NA-PET-CT Ganzkoerper  primaer mit KM-06968,fdg,299,"(400, 400)",0.012441020965576172,0,[]
131,fdg_2716c9bfff_10-04-2003-NA-PET-CT Ganzkoerper  primaer mit KM-17239,fdg,368,"(400, 400)",0.012441020965576172,0,[]
132,fdg_2716c9bfff_10-31-2002-NA-PET-CT Ganzkoerper  primaer mit KM-60667,fdg,368,"(400, 400)",0.012441020965576172,0,[]
133,fdg_2716c9bfff_11-20-2004-NA-PET-CT Ganzkoerper  primaer mit KM-02459,fdg,326,"(400, 400)",0.012441020965576172,0,[]
134,fdg_2745fb1adb_12-21-2002-NA-PET-CT Ganzkoerper  primaer mit KM-90513,fdg,326,"(400, 400)",0.012441020965576172,0,[]
135,fdg_274688d0a8_03-24-2007-NA-PET-CT Ganzkoerper  primaer mit KM-59557,fdg,341,"(400, 400)",0.012441020965576172,0,[]
136,fdg_275fb00a66_05-04-2001-NA-Unspecified CT ABDOMEN-27095,fdg,326,"(400, 400)",0.012441020965576172,53,"[184 185 186 187 188 189 190 191 192 193 194 195 196 197 198 199 200 201
 202 203 204 205 206 207 208 209 210 211 217 218 219 220 224 225 226 227
 228 229 230 231 232 233 237 238 239 240 241 242 243 244 246 247 248]"
137,fdg_277fc3c67c_11-15-2003-NA-PET-CT Ganzkoerper  primaer mit KM-80269,fdg,284,"(400, 400)",0.012441020965576172,0,[]
138,fdg_2791a0b3c2_08-29-2005-NA-PET-CT Ganzkoerper  primaer mit KM-72347,fdg,289,"(400, 400)",0.012441020965576172,0,[]
139,fdg_27ad42f8a9_07-14-2002-NA-PET-CT Ganzkoerper  primaer mit KM-67664,fdg,284,"(400, 400)",0.012441020965576172,49,"[173 174 175 176 177 178 179 180 181 182 183 184 185 186 187 188 189 190
 191 192 193 194 195 196 197 198 199 200 201 202 203 204 205 206 207 208
 209 210 211 212 213 214 215 216 217 218 219 220 221]"
140,fdg_27d69a8466_12-16-2001-NA-PET-CT Ganzkoerper  primaer mit KM-68630,fdg,326,"(400, 400)",0.012441020965576172,69,"[118 119 120 121 191 192 193 194 195 196 197 198 199 203 204 205 206 208
 209 210 211 212 213 214 215 216 217 218 219 220 221 222 223 224 225 226
 227 228 229 230 231 232 233 234 235 236 237 238 239 240 241 242 243 244
 245 246 247 248 249 250 251 252 253 314 315 316 317 318 319]"
141,fdg_28a0a0a163_10-22-2004-NA-PET-CT Ganzkoerper  primaer mit KM-34619,fdg,326,"(400, 400)",0.012441020965576172,0,[]
142,fdg_2922971d0f_07-19-2003-NA-PET-CT Ganzkoerper  primaer mit KM-78645,fdg,326,"(400, 400)",0.012441020965576172,0,[]
143,fdg_2946d59a94_11-06-2006-NA-PET-CT Ganzkoerper nativ-66800,fdg,613,"(400, 400)",0.012441020965576172,0,[]
144,fdg_29ab45ef17_06-27-2002-NA-PET-CT Ganzkoerper  primaer mit KM-40288,fdg,326,"(400, 400)",0.012441020965576172,70,"[ 42  43  44  45  46  47  48  49  50  52  53  54  55  56  57  58  59  60
  61  62  63  64  65  66  67  68  69  70  71  72  73  74  75  76  77  78
  79  80  81  82  83  89  90  91  92  93  94  95  96  97  98  99 100 101
 102 103 104 105 106 107 108 109 110 111 112 113 114 115 116 117]"
145,fdg_29b372cb99_11-17-2006-NA-PET-CT Ganzkoerper  primaer mit KM-23417,fdg,595,"(400, 400)",0.012441020965576172,0,[]
146,fdg_2a41141775_09-24-2005-NA-PET-CT Ganzkoerper  primaer mit KM-94391,fdg,284,"(400, 400)",0.012441020965576172,0,[]
147,fdg_2a6f4f0753_07-31-2003-NA-PET-CT Ganzkoerper  primaer mit KM-21938,fdg,535,"(400, 400)",0.012441020965576172,4,[154 155 156 157]
148,fdg_2a78eed085_12-22-2001-NA-PET-CT Ganzkoerper  primaer mit KM-17302,fdg,284,"(400, 400)",0.012441020965576172,24,"[ 92  93  94  95 113 114 115 116 117 118 119 186 187 188 189 190 191 192
 193 194 195 196 197 198]"
149,fdg_2ad62beb52_03-08-2003-NA-PET-CT Ganzkoerper  primaer mit KM-98926,fdg,200,"(400, 400)",0.012441020965576172,0,[]
150,fdg_2b29531d8c_10-16-2005-NA-PET-CT Ganzkoerper  primaer mit KM-56534,fdg,319,"(400, 400)",0.012441020965576172,26,"[ 86  87  88  89  90 202 203 204 205 206 207 208 209 210 211 212 213 214
 215 216 217 218 219 220 221 222]"
151,fdg_2b60c8135a_12-09-2005-NA-PET-CT Ganzkoerper  primaer mit KM-49696,fdg,327,"(400, 400)",0.012441020965576172,132,"[ 39  40  41  42  88  89  90  91 110 111 112 113 120 121 122 123 124 125
 129 130 145 146 147 148 149 150 151 152 153 154 155 156 157 158 159 160
 161 162 163 164 165 166 167 168 169 170 171 172 173 174 175 176 177 178
 179 180 181 182 183 184 185 186 187 188 189 190 191 192 193 194 195 196
 197 198 199 200 201 202 203 204 205 206 207 208 209 210 211 212 213 214
 215 216 217 218 219 220 221 222 223 224 225 226 227 228 229 230 231 232
 233 234 235 236 237 238 239 240 241 242 243 244 245 246 247 248 249 250
 251 252 253 254 255 256]"
152,fdg_2b8064fbe2_06-11-2006-NA-PET-CT Ganzkoerper  primaer mit KM-34492,fdg,299,"(400, 400)",0.012441020965576172,0,[]
153,fdg_2ce074c2ea_02-04-2006-NA-PET-CT Ganzkoerper  primaer mit KM-43376,fdg,274,"(400, 400)",0.012441020965576172,5,[135 136 137 138 139]
154,fdg_2d70838805_04-30-2007-NA-PET-CT Ganzkoerper  primaer mit KM-77347,fdg,588,"(400, 400)",0.012441020965576172,5,[298 299 300 301 302]
155,fdg_2d9638360e_09-09-2005-NA-PET-CT Ganzkoerper  primaer mit KM-19870,fdg,318,"(400, 400)",0.012441020965576172,0,[]
156,fdg_2dac5ef654_11-04-2000-NA-PET-CT Ganzkoerper nativ u. mit KM-72375,fdg,284,"(400, 400)",0.012441020965576172,26,"[ 52  53  54  55  56  57  58 183 184 185 186 187 188 189 190 191 192 193
 267 268 269 270 271 272 273 274]"
157,fdg_2dc17aaeaf_07-01-2005-NA-PET-CT Ganzkoerper  primaer mit KM-40778,fdg,324,"(400, 400)",0.012441020965576172,42,"[ 64  65  66  67  68  69  70  71  72  73  74  75  76  77  78  79  80  81
  82  87  88  89  90  91  92  93  94  95 100 101 102 103 104 119 120 121
 122 123 124 125 126 244]"
158,fdg_2e44706eaf_05-06-2005-NA-PET-CT Ganzkoerper  primaer mit KM-03974,fdg,493,"(400, 400)",0.012441020965576172,214,"[ 36  37  38  39  40  41  42  43  44  45  46  47  48  60  61  62  63  82
  83  84  85  86  87  88  89  90  91  92 104 105 106 120 121 122 123 124
 125 126 127 128 129 130 131 132 133 134 135 136 137 138 141 142 143 144
 145 146 159 160 161 162 163 164 165 166 167 168 169 170 171 172 173 174
 175 176 177 178 182 183 184 185 186 187 188 189 191 192 193 194 195 196
 197 198 199 208 209 210 211 227 228 229 230 231 232 233 234 235 236 237
 238 239 240 241 242 243 244 246 247 248 249 250 251 259 260 261 262 267
 268 269 270 282 283 284 285 286 297 298 299 300 301 302 303 304 305 308
 309 310 311 312 313 314 315 316 317 318 319 322 323 333 334 335 336 337
 338 339 344 345 346 347 348 349 350 351 354 355 356 357 368 369 372 373
 374 375 376 377 378 379 380 381 382 383 384 385 391 392 393 394 395 396
 397 398 411 412 413 414 415 420 421 422 423 424 425 426 427 428]"
159,fdg_2e97a9e5c2_06-23-2003-NA-PET-CT Ganzkoerper  primaer mit KM-00442,fdg,284,"(400, 400)",0.012441020965576172,25,"[223 224 225 227 228 229 230 231 232 233 234 235 236 237 238 239 240 241
 242 243 244 245 246 247 248]"
160,fdg_2f2ee78c89_05-01-2003-NA-PET-CT Ganzkoerper  primaer mit KM-09129,fdg,326,"(400, 400)",0.012441020965576172,0,[]
161,fdg_2f587d00b1_09-27-2004-NA-Unspecified CT-22169,fdg,619,"(400, 400)",0.012441020965576172,0,[]
162,fdg_2f7200f771_11-05-2005-NA-PET-CT Ganzkoerper  primaer mit KM-68738,fdg,292,"(400, 400)",0.012441020965576172,166,"[  7   8   9  14  15  16  17  18  19  20  21  22  23  24  25  26  27  28
  29  31  32  54  55  56  57  58  59  60  61  62  63  64  65  66  67  68
  69  70  71  72  73  74  75  76  77  78  79  80  81  82  83  84  85  86
  87  88  89  90  92  93  94  95  96  97  98  99 100 101 102 103 104 105
 106 107 108 109 110 111 112 113 114 115 116 117 118 119 120 121 122 123
 124 125 126 127 128 129 130 131 132 133 134 135 136 137 138 139 140 141
 142 143 144 145 146 147 148 149 150 151 152 153 154 155 156 157 158 159
 160 161 162 163 164 165 166 167 168 169 170 171 172 175 176 182 183 184
 187 188 189 190 196 197 198 199 210 211 212 213 214 215 216 217 218 219
 220 221 222 223]"
163,fdg_2f9aec0275_05-31-2003-NA-PET-CT Ganzkoerper  primaer mit KM-55211,fdg,284,"(400, 400)",0.012441020965576172,74,"[148 149 150 151 152 153 154 155 156 157 158 159 160 163 164 165 166 167
 168 175 176 177 178 179 180 181 182 183 184 185 186 187 188 189 190 191
 192 193 194 195 196 197 198 199 200 201 202 203 204 205 206 207 208 209
 210 211 212 213 214 215 216 217 218 219 220 221 222 223 224 225 226 227
 228 229]"
164,fdg_2f9aec0275_10-17-2003-NA-PET-CT Ganzkoerper  primaer mit KM-89491,fdg,284,"(400, 400)",0.012441020965576172,0,[]
165,fdg_30001118d0_04-03-1999-NA-PET-CT Ganzkoerper  primaer mit KM-62786,fdg,326,"(400, 400)",0.012441020965576172,240,"[ 47  48  49  50  51  52  53  54  55  56  57  58  59  60  61  62  63  64
  65  66  67  68  69  70  71  72  73  74  75  76  77  78  79  80  81  82
  83  84  85  86  87  88  89  90  91  92  93  94  95  96  97  98  99 100
 101 102 103 104 105 106 107 108 109 110 111 112 113 114 115 116 117 118
 119 120 121 122 123 124 125 126 127 128 129 130 131 132 133 134 135 136
 137 138 139 140 141 142 143 144 145 146 147 148 149 150 151 152 153 154
 155 156 157 158 159 160 161 162 163 164 165 166 167 168 169 170 171 172
 173 174 175 176 177 178 179 180 181 182 183 184 185 186 187 188 189 190
 191 192 193 194 195 196 197 198 199 200 201 202 203 204 205 206 207 208
 209 210 211 212 213 214 215 216 217 218 219 220 221 222 223 224 225 226
 227 228 229 230 231 232 233 234 235 236 237 238 239 243 244 245 246 247
 248 249 250 251 252 253 254 255 256 257 258 259 260 261 262 263 264 265
 266 267 268 269 270 271 272 273 274 275 276 277 278 279 280 281 282 283
 284 285 286 287 288 289]"
166,fdg_302613f9a5_04-06-2007-NA-PET-CT Ganzkoerper nativ-59045,fdg,327,"(400, 400)",0.012441020965576172,0,[]
167,fdg_30287f520f_11-23-2003-NA-PET-CT Ganzkoerper  primaer mit KM-15029,fdg,619,"(400, 400)",0.012441020965576172,0,[]
168,fdg_30c4b7062b_01-18-2001-NA-PET-CT Ganzkoerper  primaer mit KM-73893,fdg,284,"(400, 400)",0.012441020965576172,130,"[ 23  24  25  26  27  28  29  30  31  32  33  47  48  49  50  51  52  53
  54  55  56 102 103 112 113 114 115 116 117 118 119 120 121 122 123 124
 125 126 127 128 129 130 131 132 133 134 135 136 137 138 139 140 141 142
 143 144 145 146 147 148 149 150 151 152 153 154 155 156 157 158 159 160
 161 162 163 164 165 166 167 168 169 170 171 172 173 174 175 176 177 178
 179 180 181 182 183 184 185 186 187 188 189 190 191 192 193 194 195 196
 197 198 199 200 201 202 203 204 205 206 207 208 209 210 211 212 213 214
 215 216 217 218]"
169,fdg_30e2b83b74_04-26-2003-NA-PET-CT Ganzkoerper  primaer mit KM-85741,fdg,619,"(400, 400)",0.012441020965576172,0,[]
170,fdg_30e2b83b74_07-21-2003-NA-PET-CT Ganzkoerper nativ-81120,fdg,577,"(400, 400)",0.012441020965576172,0,[]
171,fdg_30e2b83b74_09-01-2002-NA-PET-CT Ganzkoerper  primaer mit KM-04419,fdg,619,"(400, 400)",0.012441020965576172,0,[]
172,fdg_31ddf5013a_02-22-2001-NA-PET-CT Ganzkoerper  primaer mit KM-04471,fdg,326,"(400, 400)",0.012441020965576172,20,"[199 200 201 202 203 204 205 206 207 208 209 210 211 212 213 214 215 216
 217 218]"
173,fdg_321bba14bc_03-07-2002-NA-PET-CT Ganzkoerper  primaer mit KM-18724,fdg,284,"(400, 400)",0.012441020965576172,41,"[ 97 163 164 165 166 167 168 169 170 171 172 173 174 175 176 177 178 179
 180 181 182 183 184 185 192 193 194 195 196 197 198 199 200 201 202 216
 217 218 219 220 221]"
174,fdg_32219760da_03-13-2003-NA-PET-CT Ganzkoerper  primaer mit KM-33621,fdg,284,"(400, 400)",0.012441020965576172,0,[]
175,fdg_323cc5aff8_11-09-2001-NA-Unspecified CT ABDOMEN-48314,fdg,326,"(400, 400)",0.012441020965576172,60,"[151 152 153 157 158 159 160 161 162 163 164 165 166 216 217 218 220 221
 222 223 224 225 226 227 228 229 230 231 232 233 234 235 236 237 238 239
 240 241 242 243 244 245 246 247 248 249 250 251 258 259 260 261 262 263
 264 265 266 267 268 269]"
176,fdg_32aa845af1_01-26-2007-NA-PET-CT Ganzkoerper  primaer mit KM-03437,fdg,624,"(400, 400)",0.012441020965576172,8,[355 356 357 358 412 413 414 415]
177,fdg_32aa845af1_06-15-2007-NA-PET-CT Ganzkoerper  primaer mit KM-95846,fdg,318,"(400, 400)",0.012441020965576172,67,"[ 52  53  54  55  56  57  58  59  60  61  62  63  64  65  82  83  84  85
 106 107 108 109 110 111 112 113 114 115 116 117 118 119 120 129 130 131
 132 133 134 135 136 137 138 139 140 141 142 143 150 151 152 153 154 155
 156 157 158 159 225 226 231 232 233 234 235 236 237]"
178,fdg_335a00191d_02-16-2001-NA-PET-CT Ganzkoerper  primaer mit KM-25682,fdg,284,"(400, 400)",0.012441020965576172,119,"[ 39  40  41  42  43  44  45  46  47  48  49  64  65  66  67  68  69  70
  71  72  73  74  75  76  77  78  79  80  92  93  94  95  96  97  98  99
 114 115 116 117 118 119 120 121 122 123 124 125 126 127 128 129 130 131
 132 133 134 135 136 137 138 139 140 141 142 143 144 145 146 147 148 149
 150 151 152 153 154 155 159 160 161 162 163 164 165 166 167 168 169 170
 171 172 173 174 175 176 177 178 179 180 181 182 183 184 200 201 202 235
 236 237 238 239 240 241 242 243 244 245 246]"
179,fdg_345b11778a_10-14-2005-NA-PET-CT Ganzkoerper  primaer mit KM-16793,fdg,312,"(400, 400)",0.012441020965576172,0,[]
180,fdg_3481507253_06-17-2007-NA-PET-CT Ganzkoerper  primaer mit KM-41462,fdg,339,"(400, 400)",0.012441020965576172,0,[]
181,fdg_34aa521b46_03-30-2007-NA-PET-CT Ganzkoerper  primaer mit KM-44072,fdg,346,"(400, 400)",0.012441020965576172,0,[]
182,fdg_34d3efa936_10-22-2004-NA-PET-CT Ganzkoerper  primaer mit KM-73875,fdg,326,"(400, 400)",0.012441020965576172,0,[]
183,fdg_350e91119a_10-23-2005-NA-PET-CT Ganzkoerper  primaer mit KM-47863,fdg,285,"(400, 400)",0.012441020965576172,58,"[ 83  84  85  86  87  88  89  90  91  92  93  94  95  97  99 100 101 102
 103 104 105 106 108 110 111 112 113 114 115 116 117 118 119 120 121 122
 123 124 125 126 127 128 129 130 177 178 179 198 199 200 201 202 203 208
 209 210 211 212]"
184,fdg_35c9c85a96_04-08-2005-NA-PET-CT Ganzkoerper  primaer mit KM-92929,fdg,577,"(400, 400)",0.012441020965576172,39,"[425 426 427 428 429 430 431 432 433 434 435 436 437 438 439 440 441 442
 443 444 445 446 447 448 449 450 451 452 453 454 455 456 459 460 461 472
 473 474 475]"
185,fdg_35c9c85a96_09-23-2005-NA-PET-CT Ganzkoerper  primaer mit KM-90618,fdg,565,"(400, 400)",0.012441020965576172,99,"[375 376 377 378 379 380 381 382 383 384 385 386 387 388 389 390 391 392
 393 394 395 396 397 398 399 400 401 402 403 404 405 406 407 408 409 410
 411 412 413 414 415 416 417 418 419 420 421 422 423 424 425 426 427 428
 429 430 431 432 433 434 435 436 437 438 439 440 441 442 443 444 445 446
 447 448 449 450 451 452 453 456 457 458 459 464 465 466 467 468 469 470
 471 472 473 477 478 479 483 484 485]"
186,fdg_35de69968e_10-27-2006-NA-PET-CT Ganzkoerper  primaer mit KM-24640,fdg,330,"(400, 400)",0.012441020965576172,0,[]
187,fdg_36870de2f2_05-14-2006-NA-PET-CT Ganzkoerper  primaer mit KM-20980,fdg,312,"(400, 400)",0.012441020965576172,5,[186 187 188 189 190]
188,fdg_36bb0257fc_08-03-2003-NA-PET-CT Ganzkoerper  primaer mit KM-17917,fdg,326,"(400, 400)",0.012441020965576172,66,"[247 248 249 250 252 253 254 255 256 257 258 259 260 261 262 265 266 267
 268 269 270 271 272 273 274 275 276 277 278 282 283 284 285 286 287 288
 289 290 291 292 293 294 295 296 297 298 299 300 301 302 303 304 305 306
 307 308 309 310 311 312 313 314 315 316 317 318]"
189,fdg_36d8219e3f_02-09-2006-NA-PET-CT Ganzkoerper  primaer mit KM-44599,fdg,631,"(400, 400)",0.012441020965576172,55,"[438 439 440 441 442 443 444 452 453 454 455 456 457 458 459 460 461 462
 463 464 465 466 467 468 469 470 479 480 481 482 483 484 485 486 487 488
 489 490 491 492 525 526 527 528 529 530 531 532 533 534 535 536 537 538
 539]"
190,fdg_3708f576ec_03-08-2002-NA-PET-CT Ganzkoerper  primaer mit KM-02034,fdg,619,"(400, 400)",0.012441020965576172,50,"[279 280 281 282 283 284 285 286 287 288 289 290 291 292 293 294 295 296
 297 298 299 300 301 302 303 304 305 306 307 308 309 310 311 312 313 314
 315 316 317 322 323 324 325 326 327 328 329 330 331 332]"
191,fdg_372746cc99_07-15-2006-NA-PET-CT Ganzkoerper  primaer mit KM-08738,fdg,305,"(400, 400)",0.012441020965576172,0,[]
192,fdg_37472e737f_06-20-2003-NA-PET-CT Ganzkoerper  primaer mit KM-10464,fdg,284,"(400, 400)",0.012441020965576172,19,"[177 178 179 180 181 182 183 184 185 186 187 188 189 190 191 192 193 194
 195]"
193,fdg_37952b7ffb_08-24-2002-NA-PET-CT Ganzkoerper  primaer mit KM-55543,fdg,326,"(400, 400)",0.012441020965576172,74,"[152 153 154 155 156 160 161 162 163 164 165 166 167 168 169 170 171 172
 173 175 176 177 178 179 180 181 182 183 184 185 186 187 188 192 193 194
 195 196 197 198 199 200 201 202 203 204 205 206 207 208 209 210 211 212
 213 214 215 216 217 218 219 220 221 222 223 224 225 226 227 228 229 230
 231 232]"
194,fdg_380f71df1e_08-19-2001-NA-PET-CT Ganzkoerper  primaer mit KM-68308,fdg,326,"(400, 400)",0.012441020965576172,98,"[ 68  69  70  71  72  73 181 182 183 184 185 186 187 188 189 190 191 192
 193 194 195 196 197 198 199 200 201 202 203 204 205 206 207 208 209 210
 211 212 213 214 215 216 217 218 219 220 221 222 223 224 225 226 227 228
 229 230 231 232 233 234 235 236 237 238 239 240 241 242 243 244 245 246
 247 248 249 250 251 252 253 254 255 256 257 258 259 260 261 262 263 264
 265 266 284 285 286 287 288 289]"
195,fdg_38106fde84_02-13-2003-NA-PET-CT Ganzkoerper  primaer mit KM-54309,fdg,326,"(400, 400)",0.012441020965576172,0,[]
196,fdg_38733c001e_07-28-2006-NA-PET-CT Ganzkoerper  primaer mit KM-05310,fdg,353,"(400, 400)",0.012441020965576172,0,[]
197,fdg_389462c0ac_03-03-2005-NA-PET-CT Ganzkoerper  primaer mit KM-96605,fdg,326,"(400, 400)",0.012441020965576172,0,[]
198,fdg_389462c0ac_04-27-2003-NA-PET-CT Ganzkoerper  primaer mit KM-97036,fdg,326,"(400, 400)",0.012441020965576172,0,[]
199,fdg_389462c0ac_08-29-2005-NA-PET-CT Ganzkoerper  primaer mit KM-43274,fdg,351,"(400, 400)",0.012441020965576172,0,[]
200,fdg_389c968170_02-17-2006-NA-PET-CT Ganzkoerper  primaer mit KM-04769,fdg,608,"(400, 400)",0.012441020965576172,0,[]
201,fdg_389c968170_08-19-2005-NA-PET-CT Ganzkoerper  primaer mit KM-57236,fdg,631,"(400, 400)",0.012441020965576172,0,[]
202,fdg_38a374d01a_05-24-2007-NA-PET-CT Ganzkoerper  primaer mit KM-60625,fdg,330,"(400, 400)",0.012441020965576172,0,[]
203,fdg_390129c0d2_04-27-2007-NA-PET-CT Ganzkoerper  primaer mit KM-28147,fdg,447,"(400, 400)",0.012441020965576172,0,[]
204,fdg_39159c05c2_02-23-2001-NA-PET-CT Ganzkoerper  primaer mit KM-64318,fdg,326,"(400, 400)",0.012441020965576172,163,"[ 19  20  21  22  23  24  25  26  40  41  42  43  44  45  46  47  52  53
  54  55  56  57  58  59  69  70  71  72  80  81  82  83  84  85  86 108
 109 110 111 112 113 114 115 116 122 123 124 129 130 131 132 133 134 135
 138 139 140 141 142 143 144 145 146 147 148 149 150 151 152 153 154 155
 156 157 158 159 160 161 162 163 164 167 168 169 170 171 176 177 178 179
 180 181 182 183 184 185 186 187 188 189 190 191 192 193 194 195 196 197
 198 209 210 211 212 213 214 215 216 217 218 219 220 221 222 223 224 225
 226 227 228 229 230 231 232 233 234 235 236 237 238 239 240 241 242 243
 244 245 246 247 248 249 250 256 257 258 259 260 261 262 280 281 282 283
 284]"
205,fdg_39eca178a1_06-08-2003-NA-PET-CT Ganzkoerper  primaer mit KM-91097,fdg,409,"(400, 400)",0.012441020965576172,0,[]
206,fdg_3a40a26443_10-02-2005-NA-PET-CT Ganzkoerper  primaer mit KM-43565,fdg,309,"(400, 400)",0.012441020965576172,0,[]
207,fdg_3a4be713a1_11-14-2002-NA-PET-CT Ganzkoerper  primaer mit KM-08041,fdg,326,"(400, 400)",0.012441020965576172,16,[203 204 205 206 207 208 209 210 211 225 226 227 228 229 230 231]
208,fdg_3b14690fce_09-07-2002-NA-PET-CT Ganzkoerper  primaer mit KM-38312,fdg,326,"(400, 400)",0.012441020965576172,0,[]
209,fdg_3b1c9155f5_01-31-2003-NA-PET-CT Ganzkoerper  primaer mit KM-94971,fdg,368,"(400, 400)",0.012441020965576172,207,"[ 26  27  28  29  30  31  37  38  39  50  51  52  53  54  55  56  57  58
  59  60  61  62  63  64  65  66  67  68  69  70  71  72  73  74  76  77
  78  79  80  81  82  83  84  97  98  99 100 101 102 103 104 105 106 107
 108 109 110 111 112 113 114 115 116 117 118 119 120 121 122 123 124 125
 126 127 128 129 130 131 132 133 134 152 153 154 155 156 157 160 161 162
 163 164 165 166 167 168 186 187 188 189 190 191 192 193 194 195 196 197
 198 199 200 201 202 203 204 205 206 207 208 209 210 211 212 213 214 215
 216 217 218 219 220 221 222 223 224 225 226 227 228 229 230 231 232 233
 234 237 238 239 240 241 242 243 244 245 246 247 248 249 250 251 252 253
 254 255 256 257 258 259 260 261 262 263 264 265 266 267 268 269 270 271
 276 277 278 279 280 281 282 283 284 285 286 287 288 289 290 291 292 293
 303 304 305 306 309 310 311 312 313]"
210,fdg_3b26172779_11-10-2001-NA-PET-CT Ganzkoerper  primaer mit KM-21405,fdg,326,"(400, 400)",0.012441020965576172,62,"[ 82  83  84  85  86  87  88  89 208 209 210 211 212 213 215 216 217 218
 219 220 221 222 223 224 225 226 227 228 229 230 231 232 233 234 235 236
 237 238 239 240 241 242 243 244 245 246 247 248 249 250 251 294 295 296
 297 298 311 312 313 314 315 316]"
211,fdg_3b2a4af482_01-26-2003-NA-PET-CT Ganzkoerper  primaer mit KM-86609,fdg,284,"(400, 400)",0.012441020965576172,0,[]
212,fdg_3b73c2480a_10-19-2001-NA-PET-CT Ganzkoerper  primaer mit KM-00650,fdg,284,"(400, 400)",0.012441020965576172,41,"[127 128 129 130 131 132 159 160 161 162 163 164 165 166 167 168 169 170
 171 172 173 174 175 176 177 178 179 180 181 182 183 184 185 186 187 188
 189 266 267 268 269]"
213,fdg_3ba0277c0c_04-26-2007-NA-PET-CT Ganzkoerper  primaer mit KM-46623,fdg,308,"(400, 400)",0.012441020965576172,3,[201 202 203]
214,fdg_3bce0eb7aa_06-03-2007-NA-PET-CT Ganzkoerper  primaer mit KM-45104,fdg,303,"(400, 400)",0.012441020965576172,0,[]
215,fdg_3c3050f75e_09-05-2002-NA-PET-CT Ganzkoerper  primaer mit KM-31873,fdg,284,"(400, 400)",0.012441020965576172,6,[172 173 174 175 176 177]
216,fdg_3c3ee87fc6_06-13-2003-NA-PET-CT Ganzkoerper nativ-08758,fdg,493,"(400, 400)",0.012441020965576172,11,[170 171 172 175 176 177 196 197 198 199 200]
217,fdg_3c71e8f518_12-11-2000-NA-PET-CT Ganzkoerper  primaer mit KM-59350,fdg,326,"(400, 400)",0.012441020965576172,70,"[164 165 166 167 168 169 170 171 172 173 174 175 176 189 190 191 192 193
 194 200 201 202 203 204 205 206 207 208 209 210 211 212 213 214 215 216
 217 218 219 220 221 222 223 224 225 226 227 228 229 230 231 232 233 234
 235 236 237 238 239 240 241 242 243 244 245 246 267 268 269 270]"
218,fdg_3c94a00f90_05-11-2007-NA-PET-CT Ganzkoerper  primaer mit KM-83405,fdg,592,"(400, 400)",0.012441020965576172,0,[]
219,fdg_3cd49210eb_12-29-2002-NA-PET-CT Ganzkoerper  primaer mit KM-16881,fdg,284,"(400, 400)",0.012441020965576172,0,[]
220,fdg_3cf68da275_03-20-2003-NA-PET-CT Ganzkoerper  primaer mit KM-37413,fdg,326,"(400, 400)",0.012441020965576172,0,[]
221,fdg_3d6f425a76_01-28-2002-NA-PET-CT Ganzkoerper  primaer mit KM-67631,fdg,326,"(400, 400)",0.012441020965576172,68,"[149 150 151 152 153 154 155 156 157 158 159 160 161 221 222 223 224 237
 238 239 240 241 242 243 244 245 246 247 248 249 250 251 252 253 254 255
 256 257 258 259 260 261 262 263 264 265 266 267 268 269 270 271 272 273
 274 275 276 277 278 279 280 281 282 283 284 285 286 287]"
222,fdg_3d6f425a76_07-22-2002-NA-PET-CT Ganzkoerper  primaer mit KM-37622,fdg,326,"(400, 400)",0.012441020965576172,0,[]
223,fdg_3d8b79d739_11-28-2004-NA-PET-CT Ganzkoerper  primaer mit KM-35511,fdg,284,"(400, 400)",0.012441020965576172,0,[]
224,fdg_3eac8f16d4_09-30-2001-NA-PET-CT Ganzkoerper  primaer mit KM-53315,fdg,284,"(400, 400)",0.012441020965576172,37,"[148 149 150 151 152 153 154 155 156 157 158 159 160 161 162 163 164 165
 166 167 168 169 170 171 172 173 174 175 226 227 228 229 230 241 242 243
 244]"
225,fdg_3f2ee0274d_09-16-2002-NA-PET-CT Ganzkoerper  primaer mit KM-19611,fdg,326,"(400, 400)",0.012441020965576172,0,[]
226,fdg_3f3df20439_05-09-2005-NA-PET-CT Ganzkoerper  primaer mit KM-26210,fdg,326,"(400, 400)",0.012441020965576172,0,[]
227,fdg_3f5a9f616f_06-03-2007-NA-PET-CT Ganzkoerper  primaer mit KM-90087,fdg,285,"(400, 400)",0.012441020965576172,128,"[ 13  14  26  27  28  29  31  32  33  34  35  40  41  42  43  44  49  50
  51  52  53  54  55  56  57  58  59  60  64  65  66  67  68  69  70  71
  72  73  74  75  76  77  78  79  81 119 120 127 128 134 135 136 137 138
 139 140 141 145 146 147 148 149 150 151 152 153 155 156 157 158 159 160
 161 162 163 164 165 166 167 168 169 170 171 172 173 174 175 176 177 178
 179 180 181 182 183 184 186 187 188 189 190 195 196 197 198 199 200 201
 202 203 204 205 206 207 208 209 210 211 212 228 241 242 243 244 246 247
 248 249]"
228,fdg_3fd361ec14_10-24-2004-NA-PET-CT Ganzkoerper  primaer mit KM-79985,fdg,284,"(400, 400)",0.012441020965576172,24,"[191 192 193 194 195 196 197 198 199 200 201 202 203 204 205 206 207 208
 209 210 231 234 235 236]"
229,fdg_4011ffe8ae_02-07-2005-NA-PET-CT Ganzkoerper  primaer mit KM-03025,fdg,326,"(400, 400)",0.012441020965576172,9,[285 286 287 288 289 290 291 292 293]
230,fdg_402c061122_02-22-2003-NA-PET-CT Ganzkoerper nativ-88656,fdg,368,"(400, 400)",0.012441020965576172,0,[]
231,fdg_402c061122_08-25-2003-NA-PET-CT Ganzkoerper nativ-22953,fdg,284,"(400, 400)",0.012441020965576172,0,[]
232,fdg_404f8c732f_06-14-2007-NA-PET-CT Ganzkoerper  primaer mit KM-44688,fdg,282,"(400, 400)",0.012441020965576172,0,[]
233,fdg_4076ea9a15_04-29-2005-NA-PET-CT Ganzkoerper  primaer mit KM-17567,fdg,326,"(400, 400)",0.012441020965576172,7,[262 263 268 269 270 271 272]
234,fdg_4095c12e2d_11-30-2006-NA-PET-CT Ganzkoerper  primaer mit KM-93702,fdg,497,"(400, 400)",0.012441020965576172,0,[]
235,fdg_40a125468a_07-03-2004-NA-PET-CT Ganzkoerper  primaer mit KM-99283,fdg,326,"(400, 400)",0.012441020965576172,15,[237 238 247 248 250 251 252 253 254 255 256 257 258 259 260]
236,fdg_40f0749cb7_10-06-2001-NA-PET-CT Ganzkoerper  primaer mit KM-84242,fdg,284,"(400, 400)",0.012441020965576172,31,"[171 172 173 174 175 176 177 178 179 180 181 182 183 184 185 186 187 188
 189 190 191 192 193 194 213 214 215 216 217 265 266]"
237,fdg_411801de5a_08-25-2002-NA-PET-CT Ganzkoerper  primaer mit KM-89775,fdg,326,"(400, 400)",0.012441020965576172,0,[]
238,fdg_41472f5ce9_03-16-2003-NA-PET-CT Ganzkoerper  primaer mit KM-95962,fdg,284,"(400, 400)",0.012441020965576172,35,"[176 177 178 179 180 181 182 183 184 185 186 187 188 189 190 191 192 193
 194 195 196 197 198 199 200 201 202 203 204 205 206 207 208 209 210]"
239,fdg_416d3b9b78_08-14-2006-NA-PET-CT Ganzkoerper  primaer mit KM-17835,fdg,335,"(400, 400)",0.012441020965576172,0,[]
240,fdg_41bd54f97a_03-25-2007-NA-PET-CT Ganzkoerper  primaer mit KM-02055,fdg,586,"(400, 400)",0.012441020965576172,0,[]
241,fdg_41f4d41517_11-13-2004-NA-PET-CT Ganzkoerper  primaer mit KM-79881,fdg,326,"(400, 400)",0.012441020965576172,0,[]
242,fdg_41fadf6520_02-27-2003-NA-PET-CT Ganzkoerper  primaer mit KM-27536,fdg,284,"(400, 400)",0.012441020965576172,3,[195 196 197]
243,fdg_424e9b79c5_05-11-2003-NA-PET-CT Ganzkoerper  primaer mit KM-12121,fdg,577,"(400, 400)",0.012441020965576172,42,"[296 297 298 299 300 301 302 303 304 305 306 307 308 309 310 311 312 313
 314 315 316 317 318 319 320 321 329 330 331 332 333 334 335 336 337 338
 363 364 365 366 501 502]"
244,fdg_4250de48c8_02-12-2001-NA-PET-CT Ganzkoerper  primaer mit KM-84118,fdg,326,"(400, 400)",0.012441020965576172,52,"[203 204 205 206 207 208 209 210 211 212 213 214 215 216 217 218 219 220
 221 222 223 224 225 226 227 228 229 230 231 232 233 234 235 236 237 238
 244 245 246 247 248 249 250 253 254 255 256 257 258 259 260 261]"
245,fdg_42e9f16c09_01-05-2003-NA-PET-CT Ganzkoerper  primaer mit KM-35445,fdg,326,"(400, 400)",0.012441020965576172,34,"[171 172 173 174 175 176 177 178 179 180 181 182 183 184 185 186 187 188
 189 190 191 192 193 194 195 218 219 220 221 226 227 228 229 230]"
246,fdg_43323b7d42_05-27-2001-NA-PET-CT Ganzkoerper  primaer mit KM-89158,fdg,284,"(400, 400)",0.012441020965576172,67,"[ 87  88  89 171 172 173 174 175 176 177 178 179 180 181 182 183 184 185
 186 187 188 189 190 191 192 193 194 195 196 197 198 199 200 201 202 203
 204 205 206 207 208 209 210 211 212 213 214 215 216 217 218 219 220 221
 222 223 224 225 226 227 228 229 230 247 248 249 250]"
247,fdg_43647ff727_03-02-2006-NA-PET-CT Ganzkoerper  primaer mit KM-05703,fdg,318,"(400, 400)",0.012441020965576172,8,[152 153 154 155 156 157 158 159]
248,psma_0179419e313f7d8c_2019-06-10,psma,417,"(200, 200)",0.033175891876220706,39,"[ 65  66  67  68  69  70  71 260 261 262 263 264 265 266 267 268 269 270
 279 280 281 282 283 284 285 286 287 306 307 308 309 310 311 312 313 314
 315 316 317]"
249,psma_0198cdca94fbb95f_2019-12-28,psma,464,"(200, 200)",0.033175891876220706,425,"[ 38  39  40  41  42  43  44  45  46  47  48  49  50  51  52  53  54  55
  56  57  59  60  61  62  63  64  65  66  67  68  69  70  71  72  73  74
  75  76  77  78  79  80  81  82  83  84  85  86  87  88  89  90  91  92
  93  94  95  96  97  98  99 100 101 102 103 104 105 106 107 108 109 110
 111 112 113 114 115 116 117 118 119 120 121 122 123 124 125 126 127 128
 129 130 131 132 133 134 135 136 137 138 139 140 141 142 143 144 145 146
 147 148 149 150 151 152 153 154 155 156 157 158 159 160 161 162 163 164
 165 166 167 168 169 170 171 172 173 174 175 176 177 178 179 180 181 182
 183 184 185 186 187 188 189 190 191 192 193 194 195 196 197 198 199 200
 201 202 203 204 205 206 207 208 209 210 211 212 213 214 215 216 217 218
 219 220 221 222 223 224 225 226 227 228 229 230 231 232 233 234 235 236
 237 238 239 240 241 242 243 244 245 246 247 248 249 250 251 252 253 254
 255 256 257 258 259 260 261 262 263 264 265 266 267 268 269 270 271 272
 273 274 275 276 277 278 279 280 281 282 283 284 285 286 287 288 289 290
 291 292 293 294 295 296 297 298 299 300 301 302 303 304 305 306 307 308
 309 310 311 312 313 314 315 316 317 318 319 320 321 322 323 324 325 326
 327 328 329 330 331 332 333 334 335 336 337 338 339 340 341 342 343 344
 345 346 347 348 349 350 351 352 353 354 355 356 357 358 359 360 361 362
 363 364 365 366 367 368 369 370 371 372 373 374 375 376 377 378 379 380
 381 382 383 384 385 386 387 388 389 390 391 392 393 394 395 396 397 398
 399 400 401 402 403 404 405 406 407 408 409 410 411 412 413 414 415 416
 417 418 419 420 421 422 423 424 425 426 427 428 429 430 431 432 433 434
 435 436 437 438 439 440 441 442 443 444 445 446 447 448 449 450 451 452
 453 454 455 456 457 458 459 460 461 462 463]"
250,psma_0198cdca94fbb95f_2020-05-09,psma,462,"(200, 200)",0.033175891876220706,237,"[ 27  28  29  30  31  32  33  34  35  36  48  49  50  51  52  53  54  55
  56  57  58  59  60  61  62  63  64  65  66  67  68  69  70  71  72  73
  74  75  76 111 112 113 114 115 116 118 119 120 121 122 123 132 133 134
 135 136 137 138 139 140 141 142 143 144 145 146 147 148 149 150 151 152
 153 154 155 166 167 168 169 170 171 172 173 174 175 230 231 232 233 234
 235 255 256 257 258 259 260 261 262 263 264 265 266 267 268 269 270 271
 272 273 274 275 276 277 278 279 280 281 282 283 284 285 286 287 288 289
 290 291 292 293 294 295 296 297 298 299 300 301 302 303 304 305 306 307
 308 309 310 311 312 313 314 315 316 317 318 319 320 321 322 323 324 325
 326 327 328 329 330 331 332 333 334 335 336 337 338 339 340 341 342 343
 344 345 356 357 358 359 360 361 362 363 364 365 366 367 368 369 370 371
 372 373 374 375 376 377 378 379 380 381 382 383 384 385 386 387 388 389
 390 391 392 393 394 395 396 397 398 399 400 401 402 403 404 405 406 450
 451 452 453]"
251,psma_01a52e26ce5b5e26_2016-11-21,psma,165,"(168, 168)",0.08293972778320312,122,"[  7   8   9  10  27  28  29  34  36  37  38  39  40  41  42  43  44  45
  46  47  48  49  50  51  52  53  54  55  56  57  58  59  60  61  62  63
  64  65  66  67  68  69  70  71  72  73  74  75  76  77  78  79  80  81
  82  83  84  85  86  87  88  89  90  91  92  93  94  95  96  97  98  99
 100 101 102 103 104 105 106 107 108 109 110 111 112 113 114 115 116 117
 118 119 120 121 122 123 124 125 126 127 128 129 130 131 132 133 134 135
 136 137 138 139 140 141 142 146 147 148 149 150 151 152]"
252,psma_01a52e26ce5b5e26_2017-04-21,psma,409,"(200, 200)",0.033175891876220706,319,"[ 10  11  12  13  14  15  16  17  18  19  20  41  42  43  44  61  62  63
  64  65  66  67  68  69  78  79  80  81  82  83  84  85  86  87  88  89
  90  91  92  93  94  95  96  97  98  99 100 101 102 103 104 105 106 107
 108 109 110 111 112 113 114 115 116 117 118 119 120 121 122 123 124 125
 126 127 128 129 130 131 132 133 134 135 136 137 138 139 140 141 142 143
 144 145 146 147 148 149 150 151 152 153 154 155 156 157 158 159 160 161
 162 163 164 165 166 167 168 169 170 171 172 173 174 175 176 177 178 179
 180 181 182 183 184 185 186 187 188 189 190 191 192 193 194 195 196 197
 198 199 200 201 202 203 204 205 206 207 208 209 210 211 212 213 214 215
 216 217 218 219 220 221 222 223 224 225 226 227 228 229 230 231 232 233
 234 235 236 237 238 239 240 241 242 243 244 245 246 247 248 249 250 251
 252 253 254 255 256 257 258 259 260 261 262 263 264 265 266 267 268 269
 270 271 272 273 274 275 276 277 278 279 280 281 282 283 284 285 286 287
 288 289 290 291 292 293 294 295 296 297 298 299 300 301 302 303 304 305
 306 307 308 309 310 311 312 313 314 315 316 317 318 319 320 321 322 323
 324 325 326 327 328 329 330 331 332 333 334 335 336 337 338 339 340 341
 342 343 344 345 346 347 348 349 350 351 352 353 355 356 357 358 359 360
 361 362 363 364 365 366 367 368 369 370 371 372 373]"
253,psma_024e1c55ab49d220_2014-10-04,psma,263,"(256, 256)",0.02444915771484375,4,[64 65 66 67]
254,psma_02826eb561d6e0c7_2016-11-04,psma,263,"(256, 256)",0.02444915771484375,8,[45 46 47 48 49 50 51 52]
255,psma_0429b5db53a944ea_2015-10-19,psma,299,"(256, 256)",0.02444915771484375,0,[]
256,psma_0429b5db53a944ea_2016-10-29,psma,263,"(256, 256)",0.024449155807495116,0,[]
257,psma_0429b5db53a944ea_2019-03-11,psma,263,"(256, 256)",0.02444915771484375,4,[205 206 207 208]
258,psma_04f0f08528c9c231_2017-12-31,psma,438,"(200, 200)",0.033175891876220706,6,[70 71 72 73 74 75]
259,psma_05d59d060a8bb7d0_2020-09-07,psma,444,"(200, 200)",0.033175891876220706,254,"[ 68  69  70  71  72  73  74  75  76  77  78  79  80  81  82  83  84  85
  86  87  88  89  90  91  92  93  94  95  96  97  98  99 100 101 102 103
 104 105 106 107 108 109 110 111 112 113 114 115 116 117 118 119 120 130
 131 132 133 134 135 136 137 138 139 140 141 142 143 144 145 146 147 148
 149 150 151 152 153 154 155 156 157 158 159 160 161 162 163 164 165 166
 167 168 169 170 171 172 173 174 175 176 177 178 179 180 181 182 183 184
 185 186 187 188 189 190 191 192 193 194 195 196 197 198 199 200 201 202
 223 224 225 226 227 228 229 230 231 232 233 234 235 236 237 238 239 240
 241 242 243 244 245 246 247 248 249 250 251 252 253 254 255 256 257 258
 259 260 261 262 263 264 265 266 267 268 269 270 274 275 276 277 278 279
 280 281 282 283 284 285 286 287 288 289 290 291 292 293 294 295 296 297
 298 299 300 301 302 303 304 305 306 307 308 309 310 311 312 313 314 315
 316 317 318 319 320 321 322 323 324 325 326 327 328 329 330 331 332 333
 334 335 336 337 338 339 340 341 342 343 344 345 346 347 348 349 350 351
 352 353]"
260,psma_06612db91891b34c_2017-12-22,psma,429,"(200, 200)",0.033175891876220706,88,"[ 67  68  69  70  71  72  73  74  75  76  77  78  79  81  82  83  84  85
  86  87  88  89  90  91  92  93  94  95  96  97  98  99 118 119 120 121
 122 123 124 125 126 127 133 134 135 136 137 138 139 140 141 142 143 149
 150 151 152 153 154 155 156 157 158 159 160 161 162 163 164 165 166 167
 168 169 170 171 172 173 174 175 176 177 178 179 180 181 182 183]"
261,psma_06612db91891b34c_2019-01-21,psma,435,"(200, 200)",0.033175891876220706,165,"[ 71  72  73  74  75  76  77  78  79  80  81  82  83  84  85  86  87  88
  89  90  91  92  93  94  95  96  97  98  99 100 101 102 103 104 105 106
 107 108 109 110 111 112 113 114 115 116 117 118 119 120 121 122 123 124
 125 126 127 128 129 130 131 132 133 134 135 136 137 138 139 140 141 142
 145 146 148 149 150 151 152 153 154 155 156 157 158 159 160 161 162 163
 164 165 166 167 168 169 170 171 172 173 174 175 176 177 178 179 180 181
 182 183 184 185 186 187 188 189 190 191 192 193 194 195 196 197 198 199
 200 201 202 203 204 205 206 207 208 209 210 211 212 213 214 215 216 217
 218 219 220 221 222 223 224 225 226 227 228 229 230 231 232 233 234 235
 236 237 238]"
262,psma_079f4e7df73c0f0a_2020-01-18,psma,395,"(200, 200)",0.033175891876220706,14,[ 71  72  73  74  75  76  96  97  98  99 100 101 102 103]
263,psma_0878fdec425f09c3_2019-05-24,psma,135,"(168, 168)",0.08293972778320312,50,"[ 20  21  29  30  31  32  37  38  39  40  41  42  43  44  45  46  47  48
  49  50  51  52  53  54  55  56  57  62  63  64  74  75  76  77 103 104
 105 113 114 115 117 118 119 120 122 123 124 126 127 128]"
264,psma_088e6252f80e4ec3_2019-11-09,psma,454,"(200, 200)",0.033175891876220706,41,"[ 97  98  99 100 101 122 123 124 125 126 127 128 129 130 131 132 133 134
 135 136 137 138 139 140 141 142 143 144 145 146 147 148 149 150 151 173
 174 175 176 177 178]"
265,psma_08a881912350c103_2014-09-27,psma,263,"(256, 256)",0.02444915771484375,24,[37 38 39 40 41 42 43 44 45 46 47 48 49 50 51 52 53 54 55 56 69 70 71 72]
